id,first_name,last_name,email,gender
1,Orson,Lepoidevin,olepoidevin0@nydailynews.com,Male
2,Hill,Blencowe,hblencowe1@va.gov,Male
3,Adrienne,Jedrzaszkiewicz,ajedrzaszkiewicz2@mysql.com,Female
4,Chandal,Confort,cconfort3@dagondesign.com,Female
5,Jim,Thames,jthames4@ox.ac.uk,Male
6,Britte,Boken,bboken5@over-blog.com,Female
7,Tremaine,Gribbin,tgribbin6@youtu.be,Male
8,Adella,Jarville,ajarville7@xinhuanet.com,Female
9,Kellby,Sanbroke,ksanbroke8@51.la,Male
10,Hersch,Duffer,hduffer9@photobucket.com,Male
11,Jeromy,Keay,jkeaya@hibu.com,Male
12,Maxim,Battams,mbattamsb@bloglovin.com,Male
13,Rafael,Llewelyn,rllewelync@dion.ne.jp,Male
14,Andriette,Temperley,atemperleyd@npr.org,Female
15,Hartwell,Jirik,hjirike@de.vu,Male
16,Lewie,Sikorski,lsikorskif@imdb.com,Male
17,Shepard,Rotte,srotteg@twitpic.com,Male
18,Merl,McClancy,mmcclancyh@histats.com,Female
19,Shelden,Charle,scharlei@state.gov,Male
20,Billy,Ramsbottom,bramsbottomj@google.nl,Female
